id1,lat,long
00b6b6ae-28d4-4155-851f-52d8bb13dc6f,41.4756489199,-73.9824871721
015bee56-d0f1-4cea-b5ef-e3f94a749d68,40.3400816692,-74.0715521863
01e1da4a-3e34-4cdb-be59-d3a1e8e9d4ed,41.1709837498,-73.0737242475
0229e1bb-43ff-43ec-9e73-90b6380b0881,41.2156274608,-73.8993924114
022f85f0-9795-4238-b71f-02f60177960a,40.3794506075,-73.8366416926
026af4ad-b595-484c-954d-e7fe2d079dc1,39.7797716282,-74.2492237331
02aed039-97f1-4d54-9431-2c759dbfc237,40.1074630572,-74.4188560929
032fe267-3171-429b-b941-88b5e255ca8a,40.4721816129,-74.1988182105
04418d7b-b02a-4e4d-84d9-820070b0de4a,41.355462653,-73.2697160512
04616ab2-7a5e-43af-8aab-60a8aa5487a0,40.6865040946,-74.6478521697
04708b4b-d637-4020-a288-47044d8503f8,40.7325804947,-73.8482910153
049160d9-3796-4372-a2c7-957475eecad0,41.3137563955,-73.4947468841
04bc0be8-2c05-4169-9c4f-6c6a4986b439,39.9332824169,-73.4869469583
04c4100e-e660-4f48-b820-657672b2f702,40.6499327622,-73.4689624277
04f27f08-fa30-4e4e-bf29-6bed78c6dced,41.3525189948,-73.6574782033
0523e9e1-645c-4eb4-a69c-7e6a4b01e6fa,40.4816762611,-73.6570738891
0526f9a2-eec0-4969-854a-4dde3ef8b452,40.9328960786,-74.2972096504
05b6e010-9308-4e99-b606-bed249a49048,41.1048941444,-73.4111722204
05c7df04-887a-466b-bd77-eb8d5ac89d1c,41.6498667106,-73.6626634285
062739ff-5017-466e-95d7-9e73f13977b9,41.5845158756,-74.4500201087
0666c4f5-c4f1-4bac-af34-a52eaa246c68,40.284294462,-74.841493879
0666fabf-6122-4655-b0f3-e0946bf4b890,39.7275584842,-74.3807115267
0726d0a2-89af-4904-ab69-e7a0bb56cda4,41.4964445122,-73.1909186959
07954914-15df-4cfb-b60c-aaafbb16fdf6,40.2350377947,-73.9212949657
07a108dc-a93b-4847-885f-d3a9b8025086,39.9043683854,-73.552423979
07ba8e3c-fb5d-4aff-b689-43b31f3c0383,40.3520502977,-73.5213810398
07d9eba3-6db0-4fe8-b962-af6d63928789,40.2451719839,-74.637144302
08478031-baf4-4fcf-a7fd-d53cf7321a77,41.0277855131,-74.9224255458
08806057-ee7d-4801-a0a2-00dc1b622c93,40.4771324317,-74.7568963539
08de0934-f548-4da0-8367-894ec0dee4d1,40.440345019,-74.090289228
0947075e-6d99-43e7-99b8-db12abbcbb75,40.2681082377,-74.2463199964
097d94ed-f8ad-4095-b878-24057ce97cd1,41.0069005886,-74.2381467987
098bc25c-1b21-443c-a629-e9f64e06df61,39.7153308845,-73.1727560346
0a56c70f-56b4-4afb-b354-f2be9e8b9b30,40.9289104831,-74.8365745465
0a71a75c-9d09-4997-87c4-95de5e35c905,40.0044592394,-74.1439968045
0a9b0912-3fa8-47d9-8a8c-0c259225f068,41.273278387,-74.8733775045
0ad5e3e4-2a76-4aa7-ba6a-6fd5b57d04ab,41.1363272818,-74.6053835952
0b057535-759b-452c-83e3-381649df57d3,40.4225750112,-74.4997301768
0b60d8cc-e3d0-40c3-8a06-dc4c74b236a7,40.091708206,-73.4762007438
0bfc8cee-09e8-4910-92cb-20bf505e7d5c,40.1253113291,-74.5929813507
0c2edb75-8fff-4e43-9db2-7d50c7593130,40.2325850485,-74.4049039007
0c7c2617-343c-41f1-b08a-89c7d1e2ccfa,40.4524377928,-74.059477193
0c908006-e001-4a32-af61-596c52ef1fbe,40.8901704321,-73.5842203928
0cf4da41-0143-4a45-98d0-d8d4ef9c22b7,41.5001258198,-73.7030450575
0d4ea762-dcbf-4ac2-9d4b-b5b604e8416f,39.9711449869,-73.8920326039
0d8b83a4-4eee-4a5a-bd03-7a613b1d1de0,40.8399480388,-73.3836521374
0da15cd6-3653-4efd-a042-c9c2ef532280,41.2899583715,-73.549588184
0dcb298d-37d7-46b0-bedd-d9d0bada3cbd,40.9796193322,-73.7901335099
0e12cc53-5704-46d6-82cb-972a9e8bfc72,40.7036146437,-74.3609090456
0e43f182-f00c-47b5-8473-3b2a66a72c73,40.85699726,-73.8875077049
0e7d23c0-e760-4620-83f0-766a07bf28be,40.0162621266,-74.3311110839
0eb1e797-1ccd-4199-b7ed-24552906af63,40.0178594631,-73.4525490405
0ee5b193-151b-4263-8a38-df4ffeced802,40.1590346399,-74.3076585167
0ee770d0-d601-41a2-baf8-cbcc4450b250,39.7775386119,-74.8174619531
0f111703-2717-439a-ad34-fcbde16f2c1e,41.3161483833,-73.912930535
0f11f4e7-6713-400b-a4a0-cd75facde690,40.3664317971,-73.0182727876
0f3868b9-5030-4041-82d1-5e22621b33df,40.5486907737,-73.0559047449
0fa7193b-076f-4264-b4e0-28b30e50ba08,40.9726169599,-74.4471855039
0fb76141-1540-4634-a1dd-a50ef25a1a31,41.0775027289,-73.8594029591
1047c19d-52c0-4162-be26-a1badf8671b9,41.4640887152,-74.0007110273
109d3f5a-cb96-48e8-b20d-1da5207b214e,39.8107845422,-73.9249335555
10a26961-bb33-4e00-b410-cf3658cf2285,40.766622166,-74.7454924694
10b2e1e7-896e-44f8-a962-dd642b7cf06a,40.3207166809,-73.3026719769
10ba2859-c279-4aec-92f6-e9e8eb1cee7b,40.4520342725,-73.9591531347
10fd21a7-f57f-4b7c-9d31-be8138395e47,41.3835499048,-74.5323270709
10fd4530-988a-4ded-b053-6e7dc039db88,39.7885111862,-73.3109384458
1117f5a0-bbce-49a4-86c4-12cb580e3a46,41.6567480046,-73.78369514
1118964b-c46b-45d4-80c5-f3773cfd8cda,39.7299907941,-74.9550008064
1172edbe-3380-4f71-b774-2427a440f572,40.2582229285,-74.6577378841
11a632bf-147d-4a02-b627-6be9799cc421,40.1547202275,-73.4541814206
124edd82-cb02-4897-acd9-1f0734152537,40.8177851221,-74.0708285502
126863ab-2998-4afa-9cb1-81e51820f3ae,40.7617694503,-74.4824093864
12733692-986f-43c5-b60c-bdfcbedb4d39,41.4932173803,-73.9268554119
12c21e2f-ff3f-4bac-ae11-21ec6ac648eb,39.7987363334,-73.1027917089
1327a334-9080-4de6-a5e1-00ce0cd307f7,41.1276565612,-74.2208108593
13399378-333e-493c-a974-50506321913b,40.0323082119,-74.9983834581
135c251b-4351-428a-94c6-f87cc02eb185,40.9726327118,-74.847156
1396bdc0-628d-4d31-b799-c8bddbe6349a,39.9019240948,-74.6830714506
13d60255-feae-4f8c-ac38-6da19ff97f1a,40.4168653112,-74.1069931087
142b6cb8-7cc1-4334-82f1-dca42f2eee39,41.5598790243,-74.9942831515
1452226f-e19d-44c3-91c9-af3ce2cb14fa,40.949218102,-74.7717933911
14b1a1f3-fab7-4d71-8436-62a2dcb45fe4,39.7949434743,-74.0093037113
155430f4-0f46-4248-842a-1cb64c5763ab,40.6651706355,-73.4356712177
15d37aaf-dd70-49bd-b682-3c2e5f5ec0f1,40.4487947727,-74.2730185276
15e1bd90-48a1-43d1-a3cf-437dc116674e,41.1497086143,-74.430323307
16610886-e2b2-44ed-b520-c071231576fa,40.7200185006,-73.8956256338
1665df87-5300-4df2-b998-165ac7f9206d,40.3368173629,-73.6221736551
1687403d-66ec-40d5-9d26-e3698d36553a,41.6207399268,-74.5959267739
16fd27ad-530a-421f-9f9e-3bfc11eebfcf,40.6024112777,-74.1002703759
1788e935-c6d4-4d8c-8d43-698634a96eb6,40.1763201987,-73.1343728442
18140d19-d32a-448f-b0dd-b11ba8acc7f6,40.3619858085,-74.0859601378
18299a38-e8da-41a8-954e-522f56950ce5,40.9041088451,-73.9475678073
182cb731-f2c2-4b27-8e01-73fdd7ae524e,39.9501153122,-73.3906772435
1849b07d-bf16-4228-8062-1025d3ac93f7,40.6654746342,-74.2571088655
187dfce4-28ea-4081-8bb7-87afa376aebb,41.7059578351,-74.012737974
18c1eaa4-30e3-40c5-b800-ae053570eda5,40.9589158507,-73.2263598262
18d7325e-2758-4fe5-a6fd-c4d5bcdba841,40.4017829525,-74.7050569412
19749122-acaa-4d5e-a639-d90ecc226135,40.8489353471,-74.0890392469
1977b46f-200c-4b92-9b13-f619324e51b7,41.0536623994,-73.2155224247
19b32635-8210-4172-b881-e29df361b0ba,40.705897163,-73.3520268435
1a00f578-d1f7-41eb-a28c-78888a97868d,40.29432084,-73.2362324404
1a33850b-cacc-447f-9133-f842382f7074,40.25862924,-73.1753009371
1aa0d657-55f7-431c-b834-3f3088fad025,40.8951705481,-74.3261444605
1abf7e23-b441-411c-838e-7ae9f78113f2,41.3921061488,-73.7523150558
1b086da3-ced4-45b4-b083-9e9d83827abc,39.8357008921,-74.7548366717
1b3722dc-9488-4a01-ba4c-085184a6a3cc,41.1515721152,-74.8954766664
1b9fa449-e42b-4de0-afe1-a0b83654b015,40.006893272,-74.2406459383
1be0791d-bae7-4ddb-9e32-0a7d1809a465,40.869385903,-73.64929763
1c25c8f4-f601-47c7-9863-45fd82d66fd3,41.0802727842,-73.233940445
1c4c539b-ee5f-4970-ac3f-ce9cab93fa8b,39.9442037455,-73.9703536022
1c917de0-d8f3-46aa-88dd-406c2535b027,39.9840401172,-73.722181334
1cd4bf53-2931-49b4-846a-cf15d97d0013,39.9322683588,-74.6762180698
1d51cf78-c02c-4baf-8fe1-8d7d21c1188a,40.2797707074,-73.518172981
1df0a31e-0df1-4e38-ba20-fc6bd08ea448,39.7366116248,-73.5747067791
1e4fcfb1-5cf0-45af-8abf-e5b60cb5549e,41.411520486,-73.7000167014
1e984b1f-8db7-4a6b-9a07-5d2c038f0c59,40.4163995371,-73.5058411422
1ed3d754-0719-4e8e-bdc5-c21d9840d8a3,41.5021229843,-73.2115178111
1eef35fc-6b59-4cbb-a639-7ea18fc8a767,39.8014451016,-74.3747232735
1efce506-a91f-4a1a-9b02-abbcca01db34,40.5955540739,-74.1509948586
1efeaf2b-924f-4118-9137-5a452ec5a2e8,40.2679821004,-73.6899707893
1f0c83ba-202c-4fb8-835e-6741b83e0a69,40.2411421483,-74.3199074521
1f243621-9ff9-491d-9bd5-59517f760ec2,40.611366803,-74.2143280287
1fe11001-b89e-48b2-a466-9d651fcd5a05,41.4813026194,-74.2349658428
201757cb-cb8a-4f32-957a-32d1f6cc438f,41.2565759201,-74.4521082844
207b0cf8-9227-4d55-af70-3f0ce1c0aea3,40.390901566,-74.7886759542
2090e725-1e26-443a-94e2-9c92e52a1a8a,41.0922909808,-74.1786822957
20c82588-8d2e-4a03-a149-d8230542d29d,40.8083836341,-74.4386157668
21615358-3f15-41c2-ba69-331db1f205d9,41.6409992231,-73.2532972423
2164ef97-c381-47d9-b92e-e2ddaeb08700,39.9181032037,-73.6226837322
2179325c-7f47-4b09-9c65-402d28f23d7b,40.9365894473,-73.5012424915
21e1648c-bf9f-435b-b443-0447a5b472ae,39.9160430781,-74.9616984751
225f42af-1be9-4784-8f2a-04f243685d86,41.6592446786,-74.8753466452
22867287-ff21-4ea2-b42a-c97057cdf1eb,40.202172024,-73.1587045578
231aa246-6334-4ac7-b9c4-89b72e966e46,39.9825624453,-73.7465970758
236119a6-7530-4d6f-891a-18a60b2703b8,41.3307652138,-73.1465189068
239baa67-f8a8-4741-a9c1-fbae88b6549b,41.5164106095,-73.1262096398
243f2a95-44f5-44f3-9515-199d25d5281a,41.226697236,-73.7859716651
247991de-69e0-4339-a2e9-ed33f0951c77,40.3329859357,-73.5928118414
2480afcf-dbec-4862-aaee-ffcf26a30c40,40.993795216,-73.7720028419
2493f573-aff4-4360-9332-3eb78d898cbb,41.0158197747,-73.5142527504
2494ed11-625d-4880-b1a5-d02d9b3d9eda,40.6122544053,-73.0238993281
2498d7d9-cccb-47ff-bc50-677ad214085b,41.6775599214,-73.8492812873
253b4550-b183-447b-8eed-c3e23cac2de8,40.7322622594,-74.4498954533
253f7413-2b10-4b4c-ace8-db21c20af62f,40.5174310127,-73.6063869026
25f57935-205e-473c-827a-9275eacd121c,39.7942292939,-73.6771240176
260c1ead-0399-4b04-b480-037aaa0b2c0b,41.5713294969,-73.8159951169
26809bb5-c684-4e8d-b34b-b0bf7f88588d,40.805717523,-73.6589844269
268bc0ab-d057-4556-b3eb-613c718a6b0d,40.6766084752,-74.6124980328
268e2e96-b534-4729-85ba-2d9e386b3e18,41.3617752752,-73.6554400565
26bd7a2b-6307-451d-af90-eae6c4e5561e,41.4948129891,-74.3012701688
275316b2-8b5a-49e9-b8d9-79b3ac2d150d,41.4585515002,-74.9274079351
27eb736f-30c5-4a61-8eb9-02dc4c9ca521,41.0790334594,-73.9510602417
287fce8e-24f0-40a2-a331-27aea2273b90,40.9709740091,-74.293289665
28934d19-7e2c-4938-85c8-b0eb81535978,41.6612163736,-74.1499049449
28d54b69-8545-492a-a5ca-ea9124cb9edf,40.3012746801,-73.512230293
29469907-d36a-4c43-891f-8e5280d9d25e,40.5669234322,-74.6369740193
29bda3d4-39e6-4881-88f5-2c994122b3e0,41.389631631,-73.976046211
29dfedd1-8b14-4abc-8f0b-12ab7a740c73,40.6279308705,-74.3745125804
2a66e308-bfab-4192-84b4-c9d611276ea6,40.3030413136,-74.8218566988
2a8b616e-d361-4574-b443-e5b67a1566e2,40.9944196598,-74.7541112761
2a9a5e4a-c520-4db2-99ad-2abf0483ce17,40.1917523246,-73.8302067646
2b0d6d99-f259-4570-bd03-f98c34e29496,41.2730787346,-74.4129745705
2b11c0e5-dc01-458c-ac0c-c0a502160839,39.9446542357,-74.035019342
2b86aecd-7c4e-4685-8f99-afc0648f8973,40.0438650353,-73.1455141616
2b96348f-ff30-4dc0-a757-09536fd36f62,39.9115539283,-73.0576331397
2b9650ef-35c2-4de0-b46f-98e95d38f33a,40.5713834144,-73.9143673844
2c2d3ddb-b0d0-4cee-ac5e-8af35e574c91,41.3373477458,-73.3907843831
2cbdfce2-5f2f-4c3c-833c-8dc88865ac07,41.4969133368,-74.6453053002
2d03e348-e349-4cbd-843a-121b94e7b5c9,41.5265952199,-74.5159328029
2d071fce-3eff-4e9b-b0fc-b7befef1144a,40.6427268654,-74.3293097455
2d80245c-b7e9-4c59-8382-501aca226fc7,40.5515756666,-73.4081700632
2d8239b9-33e0-4b07-be8e-c4441dd94eb3,40.8630392934,-73.5029172252
2d9e0917-44de-4a7c-8934-5e25d2e6f59f,40.8313286917,-74.5725720394
2df85548-5cd0-4ac5-8995-cfd533d3536c,41.3534019936,-74.0111598177
2df85b3b-ce41-4f15-a425-19502702621b,40.8874597713,-73.9987104605
2e0682a7-8ac6-4a6a-91b2-1a8656e826f0,39.8746602552,-74.6793518737
2e22ed17-b3da-4648-873a-98be1423d650,41.4919296516,-74.6088805321
2e2f80e7-b69b-4755-a3db-62bd2d8d6635,41.4276683917,-74.5441249308
2e57e91b-1dad-4fc2-8026-8e6b07a00259,41.3057193725,-74.9179974799
2ebd52a7-ec52-4ce2-b4f8-49faa386132d,41.1674250162,-74.3893424665
2eecc464-139c-485f-8ce8-431c9a619433,40.1115684934,-73.5190941135
2f104871-1d47-4f98-bbed-25c3160dae5b,41.1095308097,-73.1172989448
2f106365-1d92-486a-896f-c063a58d3d04,40.9754057561,-74.0182134718
2f35acd6-c08f-4d8d-8a6c-10052f8aa177,39.782309216,-73.7904350479
2f5b6de9-70ee-4446-9580-7ae62368029a,39.7234503429,-74.5935774169
3013c849-a881-4435-b876-735e92fa82df,40.5276788991,-73.2735806678
30b49643-bd14-4aca-860e-23c880cb7094,40.0961766006,-73.8079752007
31470ea8-910f-49b0-8ac2-4765ada87e5e,41.3620039889,-73.3083140829
315eac3c-460e-48cd-b5d6-e5da4b48f751,41.5790571933,-73.4637151146
318a33f8-b934-44b5-9faf-d6ea45d7c511,40.5373074722,-74.6654873657
31cfde8f-47ba-484c-a99f-a4de6a893ebf,40.2537649251,-74.409700491
31f31ca9-acfe-4a78-9c9d-2023f642b578,40.5865404087,-74.468431401
32041cfd-3f75-478d-8344-9a8f5ee52e1f,41.5705734966,-73.7321458419
3212aea7-e5a4-4f4e-87d8-6565abb86071,41.6138451493,-73.8146868803
3254c44e-da46-4942-bd12-19bd7f3276aa,40.439805382,-74.0332858743
3262e99d-4a78-4a23-b511-991ff8f0bee6,40.5954540853,-74.0209751888
329866f8-cda4-474b-ab44-4399764223ab,40.1285422328,-73.2548486683
331a3741-6a72-468d-bf6f-36d7a3754724,40.7453014517,-74.9146611847
339a2f6a-3b2f-4e8e-b21c-7703cce018cb,40.0324139324,-74.7990756557
33a159b3-8fe8-45a5-8264-0adb8af6c4d5,40.0782502706,-73.1651768987
33d68405-225f-473e-868c-98426da22b33,39.7808516526,-74.0034244766
33e7da2b-7269-4b14-930e-084973faedc4,41.6191104585,-73.9148053499
33f231c6-1fe3-4542-aae9-9ffe5c339628,41.3856363324,-73.3732769888
33fba12b-17c5-4131-b575-81321ab4c828,40.1843993406,-74.8176949356
34041206-5236-4532-b0b8-c54c639693c8,40.8559092448,-73.0398048688
3487e53c-357b-49ad-89ae-445117809dde,41.582136811,-74.4549996088
351ea2d1-dd4d-4978-89ff-ea05361c5eff,39.8589935973,-74.0098886305
356ccbcd-c4d4-47a6-98e8-aed843336aba,41.5021282408,-73.6672143808
35723a05-305b-41a8-8f22-a5eb461207e5,40.9070175735,-74.4602112998
3588c2f0-0ffd-4864-8816-c27be5e19fd2,41.1280661769,-74.290326293
359b8703-a0aa-4662-8d44-a7ae20875297,39.9715490158,-73.0787961939
35c06e40-1fae-4a4f-b182-740a39e98cd1,40.1987831102,-74.7988296709
35e641e6-31dc-4d5a-ae8d-0d9d82e3dc3b,40.8465669629,-74.3177984741
361dcf24-63c4-4f41-b473-d19ef9ad64e6,40.3662183931,-73.5828555396
3669ce27-888a-4242-9f38-467e905cd059,40.1047836247,-74.7242781147
36c3c973-4c99-469e-9d96-f062db13fc9f,40.0730460305,-73.6892308456
36cf837f-a797-4bc6-816b-ba9173437e55,40.4063167637,-73.8546461261
3714f48b-e338-4cf4-8795-74fb1d4ea004,41.457164868,-74.5586759607
372b693a-939d-4435-996a-07c9d892231f,40.9259999565,-74.9735879408
37341302-6e32-47e3-8c9b-1649dd0c1d6c,39.8200742824,-74.3970473804
37ece272-9abd-43ea-836c-8b44ebb3634d,40.634967942,-73.8198716619
382d97f7-359e-4876-a873-48bdedea3bfb,40.5845114565,-73.2949412932
38338181-e90f-4f19-a9d0-d9f93700af24,41.5699391896,-74.1952314211
38578220-fe30-47dd-b3bc-5602f9085bc1,39.8827042103,-74.6545710888
38dea941-a63f-437b-aab7-02710b378ccb,41.3637776012,-74.9058192292
39881b8d-5bf3-48bb-9b5d-e47b8a08d28b,40.9859556108,-73.2021730712
39d22d45-ab1a-449e-a818-19a3c1a377ee,39.7681671612,-73.2539157114
3aaaa03e-952a-4c41-a708-529c41f2c626,41.1016151671,-74.8601102111
3aae948e-1294-4e8c-9e72-578d43cd18c8,41.3903266697,-73.8795453121
3ae422cb-8292-4a17-bd22-c07e8eb88aaf,40.7450319237,-73.397289932
3b1fc824-8f7e-4458-b2b6-6ea2c97b5f6a,40.3694848329,-74.4645272047
3b4af581-8f92-4918-8118-30bedd4e9055,40.781020725,-74.132798615
3ba4ae9d-ba1a-4e38-9974-9b5cc9c30661,41.4003250298,-73.7379148995
3bd62ad7-71fd-42b9-8dfd-9422bd6b68df,41.3595607302,-74.7341820931
3bf3739e-6bef-45ec-bf41-6ac8c4f5e789,41.1005934841,-74.2286114068
3c1dfb85-bc58-4b35-b44b-fa85e6919957,41.3735488969,-74.9205063282
3c5b11fc-fff6-4355-9d53-99c227fb718e,41.3117808362,-74.6528199884
3c5e433f-33d2-43dc-81f0-e4a68d01c567,40.6860797066,-74.8636078603
3cc43531-9be1-4307-97e7-dbcc7029ee13,40.3202062251,-74.4218264231
3cc6b321-97c6-4edc-ad79-1faaa4fca555,41.017153507,-74.7672836065
3cd2491e-0a8a-4dc1-aa91-194eb231dd36,40.320942351,-74.803408595
3d2d25fe-c5dd-4985-8e45-fa932be5a24e,40.5769046893,-74.7846033149
3da1ddfa-2f38-4860-b018-3d0c4dcc9b0a,41.1663354548,-73.5926579462
3e078fcf-124d-4624-8c5a-90895e0068e9,39.7165024218,-74.1819354313
3e290cf1-6bfd-42e8-845d-cd7b046793e0,40.6066106728,-73.0135330872
3eb36428-be40-426d-a4a7-771477d5edaf,39.9148953856,-74.1320334116
3ef11de5-3f94-456e-9427-2befbbdf7951,40.411762517,-73.148730269
3f3b186f-3108-49f6-8b5d-c9bae76b1eb8,41.29739872,-73.9529869075
3f5bb5a8-3c23-42d4-b24d-23c585c86627,39.999793823,-73.1336299175
405486f9-1000-4caa-9324-93758ca6e3a5,41.5871835738,-74.0686848107
4099c42b-49bb-48ec-ad62-a044fc7f5dc2,41.4881377955,-74.5371747499
40b1346c-1b21-4c90-b782-1d29b0508b41,40.5390537021,-74.5975263416
40b1690d-8b7f-4a3a-8826-3a2468528799,41.3678301367,-74.8899519274
40db998d-f70b-41a9-b738-53f844fe085d,41.1618833016,-74.1145567114
40e641d5-8161-42a6-8618-e18e6789f4cf,40.9558765197,-73.6549027391
40f3942e-870e-4412-8fa6-600e9221df20,41.5529934226,-74.4778858488
41830a78-0200-4e3d-9983-46297dc95762,40.0582073574,-74.5511709765
419d7434-c764-4d35-b0c4-8fb46ffae600,41.5681872535,-73.9360048524
41d74b76-c1df-4dc7-91d9-ace0bbca66a9,41.3931755636,-74.8570349693
426c2fde-4175-461f-9e89-96f480016ef6,41.3711530676,-74.3462668788
426e351e-3cfc-4767-98ca-ffddcb997cfa,41.2117081493,-74.6799776713
4393741c-fb51-47e0-af15-505e858f3e56,40.159030129,-74.17990224
44520e6c-ce45-4c3a-90ad-138ccb0fe4e4,39.7524595353,-73.7708133136
44dae991-35c3-47f1-ad50-e782ed6f4f7d,41.6131909447,-74.3090353966
456c2623-4eff-4412-8eaf-ea886583a5ef,40.9011041098,-74.7939375858
45908625-536d-49b6-8b13-902c44a412b6,39.9692964842,-73.6096813416
45cf45a4-277a-4e50-a4d6-02dced8ba284,41.2647671519,-74.6853726115
4612cc77-46f7-4893-88a5-070adfee37cb,40.7807213216,-73.6529703743
461c86f0-7f88-4156-bdf1-8414869148d7,40.0170359428,-74.9932583671
469831a9-36e5-4e34-bc80-62b8dd474460,40.197947582,-74.2293425287
4724f9f2-47fe-4a87-aa25-5b33f127d663,41.4658987547,-74.6913076858
47d324e1-057f-4322-b22a-e958dc91f822,41.703527652,-74.9450726459
483ecb73-f4b0-4130-bf9a-d4d12fc48a73,40.3090597322,-73.5056894447
489d75f9-0e8b-4df7-8b22-2ef7d845d595,40.5948745456,-73.4377923922
48f29e06-841a-4695-8b54-929e81681abd,39.8989454272,-73.7162207469
4926e027-49d0-4e64-8845-869f4ccc4992,40.4544225091,-74.6538043065
493ba9eb-884b-4660-8b70-687d90958ac2,40.8801871891,-74.0164147371
498390e6-f37a-45e7-b876-93bacba317d6,41.0381064019,-75.0052347352
49d88d8e-cc4b-4217-904b-88957d610f48,41.1655350533,-74.2809429279
49dbcb46-7f6f-44c5-9b9c-f4c09ab0e2ad,40.1831746856,-73.7512471186
49ee4dcb-cfb3-4741-9767-39065f892c85,41.4014918026,-73.3131822249
4a2f4feb-cd3e-47d7-a909-c2833332e4f2,39.8910618856,-74.4792379472
4a391009-7952-4618-988d-2e4b7f063bb8,41.2309304194,-73.8342640776
4a567422-d193-4381-8407-cfa623ce3467,41.5312999765,-73.7837834834
4a92e0af-bd98-41dd-b885-555db17a2a4b,41.2379894388,-74.8534327646
4ad44d16-d35a-44d5-9c88-a751c05e0983,40.0165578554,-74.1559809696
4b4d0fce-de26-48cd-b45a-9b40ed84f5f7,41.6169082283,-73.5132820145
4b6f52ff-3293-441c-857f-566ba5ecdfa6,41.3152749048,-74.1066299172
4baba1e9-c17a-4b6d-9221-de96bf7abc80,41.1047013719,-73.11936436
4be02710-2f77-4ac9-bf8c-26490f64bc63,39.8721309372,-74.4264414022
4bfe21bd-c6a6-408f-8149-afd96369b294,41.1042932,-74.6021088983
4c0b5dd4-24a1-4341-a037-5e2265bd47b4,40.5300749747,-73.4403960745
4cedea80-ddd7-413b-a73c-2a18febd3ae2,40.7087309921,-73.7371992954
4cf11b26-e973-46d1-b1fa-ce31299cb549,41.073344341,-73.7399168331
4e394409-a753-4149-83c8-391f57e40648,40.9113476545,-74.626823592
4e3acf4a-9875-4af9-b027-2000e927ec4c,41.7013037668,-73.2397443569
4e3bb038-ff14-4e1c-a5f0-bdfbe44545a7,41.3392523601,-74.8853012466
4e749519-dfba-4a85-8740-46de93576e5f,41.4914575503,-73.4398705903
4e75a175-5859-4b54-a59f-ddc7594b89e5,41.6738445572,-73.45597633
4eaaad11-86a5-45aa-87d4-248bce13cc6d,41.1592829497,-74.3674808686
4ed091d2-cbfc-4e7f-becd-8777983670c2,40.134886579,-73.2387459915
4ef7319e-84c0-494c-8cea-e4f0baf91454,41.4868993031,-73.7745123417
4f206f6e-5c47-4c81-9df6-395a5093feff,40.1785939369,-73.6140760694
4f245163-db2c-4e6d-9f94-8f112d2f716b,40.5532005518,-74.6194103652
4f7e4315-407c-4e4f-a9ae-2e4de715264e,41.105590785,-74.1027504688
4ff3497c-0257-4368-b709-00c6fb8de74e,41.3946036882,-74.898305816
505a7615-72b5-40f1-8ce7-e2efa8b71854,41.5443983457,-74.2164632389
506e10dc-aadd-4f65-b2aa-a6896540208c,40.6355821159,-74.0134652862
508411da-ee43-4e20-b80b-2c492b9a48e7,40.8817162822,-73.262225332
50a366bf-cfc7-436f-85f2-9061fdde8c88,40.3274688909,-74.3697687466
50b0c491-327c-4d95-a1d5-07934df36256,41.1023020614,-73.5639093527
50bb57ba-a6ad-49cb-afe5-526990f46a37,40.5002066355,-74.3894992833
50eb5aea-20f8-439f-90ed-26d24b63340b,39.904852874,-73.1744033124
5167b7b3-3cb9-4d6b-a84c-14bf5668f16a,41.4973001595,-74.0154973688
5177f97c-7045-49ad-ab02-489b619f1462,41.6450602248,-74.0383869534
51a8b502-e024-4d43-a8cd-5a8d6b8b5396,40.1351851818,-74.9180847876
51b73bf7-72a9-40d7-9418-eccdf56a9880,39.8289527143,-74.7424466238
51e40ba1-d453-4059-a995-ad95cfb5e7bf,39.8942177415,-73.9215085636
52690e59-12cb-426d-997c-649887e77d92,40.494000082,-73.5232090612
5277c821-b4f2-426f-b68e-58e0a3f72496,41.1031767311,-74.1354690396
52f56881-3c7e-4c1c-8bd1-c567ce010a7f,40.0844943317,-73.7969560506
5349a9d3-09cc-4aa9-bef2-79fa07e2ae99,40.8314377078,-73.4464533349
53e54067-03a0-4830-8ee7-f4e2a4cec6ea,40.8220977683,-73.0296728186
540ca7e1-ce07-4e90-ae22-d1b0a28cde5f,41.3288019096,-74.050899745
54313b4e-e089-44fc-b698-43b06f5288cf,39.7382426315,-73.2733876155
54b96e40-833f-422a-b931-df92bde9c972,40.9869803743,-74.822425926
54d5c496-fbcb-4c1d-bdd2-4f40d41a6cfd,40.967695376,-73.2606788514
553cc10b-cce0-4fd5-ac7d-af94a3f524a2,41.0908586883,-73.2215014303
55570231-0722-4a41-9f2b-16971722b4bd,40.6121927915,-74.4818321628
55f4300a-a5c8-4b2c-b30c-a7f3d90c90d3,39.7986358286,-73.7324896466
560dde30-314e-48d6-b5bf-4cd8fb9eb166,40.0586512141,-73.7144956517
5615feb3-1521-44e1-aec3-4c4066bde861,41.6907500683,-74.8399179513
56410211-99a2-4a90-bad1-ade8d4fd0dd6,39.7480114143,-74.9351039925
5685a2f4-ff00-45f8-961c-9e32f8143d16,41.128593456,-74.5331960995
574f4474-4954-4633-9714-a15a6abda33d,41.3015764588,-74.0004986403
58145809-b9bd-413b-b5b8-24f4cab09d6f,41.66865894,-74.975026178
59168a73-e822-4891-973f-75c010348063,41.3145457357,-74.7191895952
593fdf49-6c65-48ca-a8a7-9bf87c88078c,40.7291469316,-74.8260651983
594b272a-d6b6-4eea-9b6e-258aa93add83,41.5405578284,-73.6751534669
594dcfe3-654f-43b1-bb97-50d02b9bab08,41.2739478053,-74.3970460216
5981ca7b-6214-4626-a1e5-96c497017fe1,40.1321684705,-74.7716673458
59875008-0e15-4743-8544-968fd0599d8d,40.7584567479,-74.2333143716
59b5b684-a037-4fae-ada2-44a069abcf34,40.8428107113,-73.4475752175
59b96485-c601-4ce3-9611-31d284513d5b,40.0178494581,-74.0589905965
59f5a47f-6882-4398-bc9b-ff2567527542,40.4343704425,-74.7537110391
5a3819de-fcdc-4d1a-8e56-870231f36885,40.5135744469,-74.263600987
5a6734a7-d1c7-416f-939c-13b924268624,39.8620136044,-74.4171129407
5ab32a50-a24a-41b6-89c7-b5528fb8b4d3,41.0461281109,-74.8792983924
5adb7192-badc-47ab-b728-6ca65f9656d5,40.9511989461,-73.0482318966
5b1c5790-cd24-46b8-989e-560569958e8f,41.6062527604,-74.0333082047
5bb21a40-7617-4b4d-b281-6ab0067a05ed,41.0557551399,-73.1952521634
5c281d79-1183-4299-8448-784496edd4bb,41.6622460598,-74.3445906322
5c3ec5f4-b9e0-4940-b5ea-80de303ffc55,40.5722335197,-74.5423466883
5c904942-c9d5-4ad1-8dcf-09746f4ca4a5,41.6852732242,-75.0018199661
5ca336da-ebfb-40e3-b73d-60f122fe1e19,40.0722297508,-73.396999599
5cceb427-863f-4fa8-9ba4-949c8a6ca65d,40.5420612716,-73.5514765753
5d1cbec8-4268-4010-9a46-57ad34403c8c,41.3859764576,-74.6614822882
5df18e44-0e27-4e64-ba3a-6307350f37c8,41.5540973524,-73.3514963093
5df642f6-f7df-4476-a1ff-e06c10664f70,41.1012596859,-74.5488342894
5e1227c2-3a22-4bfa-b7d0-6f67e43df6c5,40.7816856327,-74.288794167
5e790157-acf7-4280-9491-cb08c6088a65,41.0202731309,-73.0514549492
5e7cb2fe-cde0-435f-b7cd-d2dfa840640a,41.2281287775,-73.9528087854
5edcda31-8bb7-460d-8002-0913eef83c2d,41.692438507,-74.6303309883
5eedc026-c2e1-4196-84dc-4e9d34d6d8ad,39.8123034796,-74.1671086863
5f35e51f-1c6a-462d-87c3-50d4ff4c462c,39.7783644976,-73.6296948796
5f4875c4-f904-4882-bba9-bd34f9270329,41.5046594518,-74.6972280458
5f5d956d-6b6c-4544-84d7-17e622ef2782,40.2846913885,-74.934765211
5f676f4b-6649-4d23-8013-e52246bc3868,41.5037261266,-74.9848786169
5fdb6066-27a5-4fc9-a9ee-175789a6fe18,40.9566668559,-73.7873931396
5fe47ded-b961-4465-83d7-fbb5ec06440b,40.982138435,-74.4870497293
60226ebf-722b-479a-b876-b374fa355606,41.3868243088,-74.1812613759
604989e4-8406-41b4-8f84-bbe1d65f8d17,41.5349173421,-73.9454352668
608d24bd-7514-4d97-a384-fa4202ebcb3b,41.0454037088,-74.0543185445
608f176d-48cb-4579-b76e-28764d31e599,39.9369948155,-73.9909956682
608f3d1f-d80b-4a9e-b36b-56444c20742e,41.5433040227,-74.8517161986
618cda47-702e-4da1-8194-31a1d8697903,40.7916903432,-73.6331587983
619a7638-e4a8-45e7-932f-ddd0eb94b65f,41.3726813885,-74.8058477855
61aea9e1-b055-40c8-9f29-93f9b33961af,41.5529155266,-74.7732858367
61ec9ea9-be58-4a4e-b82f-7e1d86f43138,39.7839499378,-74.9612406472
62328d39-bb35-4e99-8577-d9cffa7d3e40,40.0026595748,-74.4663778055
627e094c-e0fe-40ca-be50-ef0e7ff0d82c,40.8323192043,-74.9970787358
62b7793f-8f3f-4364-9a5a-2390c7d89f6f,40.0138352749,-73.3384083322
631ae687-106b-4b99-9297-9e8c0e5c524e,41.4795425854,-74.5223680315
6333b876-6b94-4dcd-8fdd-8ca581ca65ab,40.8138569956,-73.2977130092
63347204-4f3b-4963-8989-e170757f173c,40.5800111493,-74.592612417
6354b39c-d133-4c3e-b383-befa22b5baba,40.7008544272,-74.5492869182
63d9299a-583a-4b71-a92e-44cb06d6af4d,40.7838717586,-74.9954472073
641d5f74-d2de-4122-9063-d61149ab3ceb,41.0634989601,-73.4146519693
645e012c-6d81-4800-801e-40bbe7af0047,40.2612560981,-74.3979654165
646b4cee-f767-44f2-a233-476ebde6ddf8,41.4084062526,-73.8684667982
64883221-e71f-419c-ba9d-75352ce61772,39.8301376409,-73.7027007611
652b8c12-866b-41aa-922f-7db78895d83a,41.1382519026,-73.0920181148
657c96c4-7c9c-4840-a9c7-4244ce66ca79,41.6678017412,-73.9844558381
65f893d4-51d0-4579-93c4-61f89b131fc9,40.9054251524,-74.0337065118
66134ea5-3972-4161-8d03-38a39f6f02b4,39.9054592076,-74.8372149098
66572acb-5cc6-491c-8d75-20f6ccc70fbd,41.6566396187,-74.156880434
6658fa8e-5ab2-4f5f-9953-28c890e99459,41.3430463413,-73.3769542424
66728eda-47f1-4393-9bf7-9b875c56a59b,40.1414730473,-74.4275186859
66ca597d-0803-4d49-9787-b7006de2e431,41.5926912995,-73.6187276057
671cbd71-6e83-49db-b0f8-66aa1a3b5caa,40.1003758559,-74.1559986909
6740f036-2b72-42fe-afba-5f7bbe3a5977,41.601123675,-73.9782545549
676fe842-375b-49cd-a64d-6bcde899512f,40.5279029481,-74.3833776718
67c734f6-6c59-48c0-a867-f68d9a18056c,40.3546145777,-73.2729440962
68144af7-c649-44cf-b79d-aedfda574623,41.6843652777,-74.0120307178
68544db7-8ba4-4462-9e14-6dece97f6b09,41.3268256717,-73.78300044
68aa7179-a52c-4deb-b28e-32ff8e01601d,41.6466301065,-74.0823540871
696f8995-45fa-4ca9-b183-4cf1fd1af8c4,40.340984137,-73.4403771842
699aa499-fcb1-49e7-b69e-5c4392245812,41.1221161163,-73.3565409022
69b71a3b-e93a-461c-93e3-433e95435c9c,41.5477607097,-73.2525998858
6a47e078-0302-4249-8301-c8ae676294b4,39.9235819275,-74.6066842109
6a4aaf91-3590-4b0b-94cd-4222f704c4a0,40.5537858057,-73.5730832816
6a942e3b-96d0-4541-809b-90630a75e4f0,40.4898635683,-73.2473362424
6ab9d76a-9734-4a5a-ad28-fc5466e5fbd1,41.188400362,-74.4983402752
6adb29fd-7093-4931-9128-0ef0a57b030a,41.3093866401,-74.3920305159
6b2371c9-f609-4bd1-b626-af0783639248,40.0272406429,-73.687399476
6b374347-a89d-4acf-8f85-c3d87ae549b6,40.7300710791,-73.6111577507
6b3a7750-58a8-448e-80a3-78529c8a680c,41.2312811529,-73.1907924731
6b4af9f6-47ca-4215-a273-0bac8aabeb53,39.7918410698,-73.7819451298
6b5300d6-363a-451f-91ae-e478d0fe7925,41.0024799381,-74.6106752975
6b832ce2-15e4-4f44-89a0-0e32cbbc4368,41.3671524134,-74.6811259949
6b8f495b-cec5-4b42-92bb-7112ed18e639,41.5706949486,-73.7068286137
6b91feeb-cb59-4b53-9285-8173f5bcc2f8,40.2302903353,-74.4853162215
6b9a2f2e-6cb9-4561-8b71-b03e10179d12,39.939317286,-73.7239335274
6ba1d6e8-398e-4461-ae54-57c057b73b9e,41.325303483,-74.6205186879
6bb41f9b-5565-4bbf-b8d5-a1a94aba758d,39.7162555582,-74.1922799118
6bc85fbc-0849-40b3-8785-21af1d2d434a,41.0279935354,-73.9284820199
6bcaafff-452b-4bd4-a8ef-d3c281fc9f67,41.6583873825,-74.1301581237
6c6c2c10-5f11-4355-885d-884917e3af89,41.3516856447,-74.2145209555
6c942d5a-afcc-4dc1-b811-d4b932a0a3a0,40.5310364925,-73.5365797452
6c98af8c-b81a-47b7-8a87-74afd3984611,41.5551206793,-74.9598797707
6cd3519f-b2d4-4616-be28-d49d48155eaf,40.6648657229,-73.0285562393
6cd44c21-67e5-4dcc-8550-1ae8510ea4ba,39.7617015034,-73.7299793618
6d92d79c-0a8d-4b7a-8592-888d0b4d2d5f,40.3475531208,-73.743429966
6defae89-2f43-4606-92ff-f857a3db0283,40.0543100657,-74.7007328077
6e1c1411-a4ae-4248-b25d-df1282ab22b9,40.0255338017,-73.3555182369
6ec03910-5d53-4bbd-b9a5-da1dbf207685,40.0343706571,-74.6721107633
6ee4a598-3b08-4d44-a87a-58f27598a01c,40.1824243332,-73.4697418163
6f2f8a78-125e-4a7f-9275-1cbfe952c44c,39.9634369819,-74.806454458
6f396a5e-0e11-4790-ad65-f712a060abfa,41.4821142633,-74.552181191
6f651e0e-f612-410a-8fb4-3ad1c4b36ae0,40.7108283096,-73.7537702399
6fb21c15-299c-4cf2-863f-95d10729b952,40.9721526297,-74.0667817901
6fc05691-2dec-4ec4-ad2f-a5ad3d628c77,41.6004950726,-74.0943711946
700bfb8d-9cbf-46e9-8a9b-222eaf6c2840,41.1390223836,-73.7176214033
70536d5c-93e1-416c-845e-e89a6e0b5b24,40.7401362212,-73.5018704527
70c43ac4-f079-469c-83f9-a333772ec772,41.7042339008,-73.6323006677
70c8222e-9cee-419e-99e0-fa08fce49c4b,41.45276393,-74.5833263838
714158db-3c3f-43e6-a1d3-f9e8a9dc64de,39.7705711409,-74.6844192084
71994ecf-10bc-469f-a7da-b166fdd746d5,41.3033035428,-73.578041025
71d1d22e-3ba5-435f-b1e4-c7647f215e1a,41.2920652362,-73.7662004421
720e5219-2bef-4b26-9bb5-305846fe4e19,40.5750061588,-73.9675417714
72641890-ac37-427c-90a9-82bf3f1dbcd6,40.9689833279,-74.0547836535
726f01ca-d6ae-4439-8508-ae4bd8890eed,40.8967236691,-74.7883199806
72c34c57-4e3e-4816-8d1f-beaa8c3ba2ff,40.6473301389,-73.1355775195
72c99075-a938-4ee7-bbdf-3b7f218a4530,41.4963944726,-73.6321058796
73431304-f776-4761-9781-a2e7fc07e238,41.4527406863,-73.9787857475
736cd8c8-9cc3-4fd7-8f7a-4e3915ad4724,40.6611065513,-74.5915772677
738e028d-b356-45fb-a033-bbd1e0270a90,41.7028529877,-74.6086973236
738f24df-2f24-4c2f-8d6a-5927d1e0a165,41.6956018783,-74.0220180844
73e57a5c-126f-4465-aefe-bc2034ef900c,40.7303422012,-74.1082925239
73febd71-11b8-47cc-a008-9d88b3de1dfd,40.9162246642,-73.8293033468
7428e5db-976e-470a-a5e7-d417aa44b7c2,41.1744991754,-74.5377944716
743584d9-5b0f-43e7-b6f7-bf7e25ece713,40.4830941483,-74.5797579433
7447c66f-b7ea-475f-9227-8e5a9b59993a,40.9349881144,-73.1831048793
75327c22-4b84-4ed9-b6be-b800b8b7f8c4,40.1222655165,-74.7583707942
754a4824-94ad-4993-a148-09b63dd43755,40.9356932665,-73.4357612739
75b1a416-4601-41ec-8443-63784d3b3d87,41.272337681,-74.4849062789
75d54e3b-940d-4ea7-b89d-32b6cc536af8,40.4599778398,-73.4634867249
7643de9b-d324-4dfe-b5e6-499b83711263,40.9257705612,-73.854213857
764720f3-a021-4eba-9db3-02762a6bb916,40.3260179647,-73.2946279906
765ecbf0-d962-431e-bd6f-6718404c5e8d,40.2041196614,-73.956078621
77591fac-9cdd-4560-98a9-77d10f672b46,41.5880906059,-74.5126024157
777f99c0-c166-4db4-a55d-3f661abdd96f,40.664853078,-74.9934465536
781c35c3-879d-43da-b5fb-16c8289ebe45,40.2504952196,-73.9726737921
78a65876-2fea-457e-be55-d2a77084c393,41.6146750598,-74.773248468
793083a5-445e-4a28-bffe-282b61e3266d,40.4230321524,-73.226412303
79a3f90f-5e21-446f-874b-36504e742912,40.3243725002,-74.1569955764
7a5d69bf-539d-444c-8b33-89b4f1b9a448,40.6340990046,-73.2426721149
7acf2b31-9ce0-4400-8a51-4ee637f47a12,41.405425108,-73.3519029307
7ad0a1ee-b6a9-4242-9cc9-a60a15bff3bd,40.5153965423,-74.758394827
7b130e30-8b8a-42d7-b74d-d2ba36bfc305,40.4665433607,-73.6079288199
7b6254fc-5742-449b-90bc-deaffd1b29d5,40.5039647521,-74.0826753037
7c066622-f75f-4a9b-9372-864c3bd46ec1,41.2522172755,-74.6055950308
7c5af4c1-1268-46dd-a82e-7df9517f698e,41.1422350976,-73.8262294278
7c8aa101-1f3e-4211-be2f-bbcaadeb1b0e,40.0330761678,-74.9271869417
7cbc27cc-d190-4484-bf23-313e61d7d287,40.4288294867,-73.3272456904
7ce35c74-6207-4eed-ab64-ddb5279f83f2,41.606805261,-73.0753149514
7cf7bcb3-b1db-449c-b339-6dc7da47785f,41.1949925896,-73.0641552671
7d22579a-50a7-4243-a9fd-bcc4598f91c3,41.0949557179,-73.6897414816
7d7ddb70-d087-4049-ada2-7308fa268912,41.3348730657,-73.9647169052
7d8a7632-a9ea-4a7e-8128-8cadaf7fb2e9,40.8740130821,-74.3394942184
7dd2d8a6-bce7-4cdd-bd24-facc03dafb26,40.1067460848,-73.79232666
7e263884-93f7-4592-9646-cd619b14ee54,41.6070368821,-73.1828903943
7e4895bb-3ac1-4563-9397-d68622e1a828,39.8127597999,-73.7318415958
7ee3915d-6205-47d0-9377-2ac640d0f156,40.6191520372,-74.633838881
7f132804-c35f-4ac5-bb28-e138af2e6e09,40.9576483241,-73.2322082072
7f612dba-e3cd-4611-beca-ce42f701618f,41.6340772643,-74.2906457046
7f685758-d19d-4562-b5f6-41b074e7f848,41.1486203267,-74.7542446406
7faeba93-1b54-4773-ab02-8125bcca2760,40.3632410953,-74.6708090071
7fe63d1e-e10d-471e-bd76-554956874b25,39.9099842993,-74.0753069699
8073904b-6373-4b7d-af4a-6642fe24579d,40.856698473,-74.4385611369
80908ced-0f56-423a-954b-ab4d929ac9b9,41.4428625606,-73.0784797912
809af642-640d-4528-ba64-08f9b7285fc4,41.4539382071,-74.8584062096
80d7c447-1332-426e-90f4-7798c9d1a424,41.3538740383,-74.7714467419
81315a04-653a-44e1-bd20-711308eeaeeb,40.2982404843,-73.2959655208
81f59981-e2f8-49e5-825e-5419509971eb,40.5830635714,-73.8040820682
82237cd8-5ac4-458f-bb72-c3b3470c029f,39.8621517228,-73.9976443852
823f8737-3962-4018-8b0a-c59a1c7d0e5b,40.2033696061,-73.1091542359
82607b44-d72e-4fba-9760-fd8acf68804c,41.4252663152,-73.1193368733
82abf2fe-bcf3-41fd-9895-84b01b3557df,40.7600307624,-74.7984416974
82d62b63-f25c-405a-b251-2d6f23621b1e,39.7530834307,-74.8454354856
832f088e-34ab-464a-9b80-6ca058ca0632,40.8189203644,-74.5351972617
8459db56-0864-4440-bbb6-512c87bb134d,41.6672765621,-73.7242940051
84b9f9be-7a00-4754-a220-381cb20d230c,40.6351150956,-73.3759865348
850d5e40-54b5-424f-a20a-5bd8c6230746,40.2013442347,-73.4976867519
85a2efca-9d95-4f03-b527-8fa7dccda6b7,40.6186057018,-74.5453292114
8688f64d-4543-43a7-af74-ebb8c7f98020,40.9858426753,-74.3132382511
86bc3013-da23-4436-971d-5f179c36f575,41.4953170565,-74.4780700889
874ba9af-d6f6-41d9-ae71-e66f4e0aa219,40.4259249563,-74.7316361879
874e1dc4-77a5-4270-bd12-412e52ae60ce,41.5202996265,-74.3719806043
87744e1d-c619-4b99-9e48-1cd06376a149,41.0096677511,-74.8591908904
87843b66-bdd4-452f-8c72-31d137fc1335,40.5342574881,-74.4797661614
87af53c4-0eca-47a4-8238-89e23c0da90e,40.0081520062,-73.2585713476
87ec8b34-d4d3-4321-a0ce-d82db054abe9,41.0656937278,-73.367672094
87ff8e81-dc36-4278-bb4b-d0aae425dcb3,40.1241248946,-73.173233052
883d2407-d838-4410-a26e-692c8e4fdb98,41.6212161093,-74.1086465996
884b8d86-73fc-4e73-99b3-f80ff6443d44,41.0723197432,-73.1373442532
8869e58d-2d74-4791-8143-403cc14aab21,40.3841011523,-73.6607952465
88b3cf3f-6973-4270-a8af-c3a8585469d7,41.640682942,-74.1460583706
88ea9909-b15b-49c9-a839-7e3808d93767,40.7938638468,-73.6164694686
89196dae-7982-4193-9a70-465d8966ff57,41.1715487928,-74.9136929465
89ae11eb-3a06-4fee-bfc3-d85e3f171b94,39.9678171566,-74.8975989172
89ae3343-2616-4b77-9b3f-180c3369a41c,41.181234933,-73.4981289148
89c3dac9-4f79-45df-8083-82e623d55904,40.0167682601,-74.7861592045
89f36f4a-207b-4d97-8b64-7301354a23bd,41.4504207977,-74.097976264
8a357710-3b18-4181-8a1d-ecb0d99ad8c9,40.9606442443,-74.6972067606
8a361d55-1c24-48fa-ba04-35b733706a41,41.1401907889,-74.5364084476
8ac8a214-afd2-4207-a92d-2d9dc98570f9,40.1257529313,-73.483875098
8ad01eec-26d4-40da-85bf-d024c30347b7,41.1292928697,-73.5036378514
8b341675-8516-428a-8edb-2de99d242e5e,41.175429271,-73.3556105771
8b73dbb1-f6c0-4329-95ed-2466c5301ece,39.8189535201,-73.9078443434
8ba0b926-8909-44a9-831e-bfc433d5e073,41.0252503099,-73.808145522
8c3d0234-3aa4-4066-a7aa-1c98f78fd92a,40.4594742,-74.5304218007
8cac8aa2-d40c-403c-b692-e23ff794d018,40.4602936172,-73.3413600252
8d479b16-74cb-4476-a9c4-fd2a02d13566,40.2593235146,-74.0322904969
8d6874f9-12c2-4e41-8212-f073ca08dbf9,40.6361457789,-74.8726678689
8dc0598b-0e0b-454d-9b84-17570215070e,41.3159783924,-73.3614758118
8e11331b-94f0-492e-88be-651fac7760f0,41.6455852008,-74.1381099322
8e2231ed-2df3-437d-9e2a-3f103de192c6,40.3879462805,-73.0780226242
8e8956f6-86d2-4776-88ca-544bd30d587c,40.6194968121,-74.9020110437
8ef6b4ed-67cb-452d-a827-360878591336,39.7742881227,-73.9319210312
8f01ca25-957b-4465-be70-ad9c6f6c9ef3,39.8313005405,-73.6101194212
9058e2e3-6745-4dfd-974d-d3f3d241db63,40.9926759237,-73.3697865257
906d0679-780e-4a2c-a697-e81445814be5,40.2295973792,-74.478983538
90c7ab0f-9591-4b4a-83c7-8b84d1d670a3,40.7553125283,-73.8262972242
91305713-95cd-4a18-b7c0-b403dd8b20ce,41.1590652981,-74.325320699
918b3114-38ab-47be-8776-9a1c89ae7602,40.7239030235,-73.5738276109
91b3617e-7878-4705-9dc9-b9bca42e7d99,39.9049612621,-73.9059640948
92747bde-78b7-4596-b3b1-f070842f99cc,40.686575365,-74.1974615167
92a196dc-67a1-48cf-8438-8a3590e704e8,40.971335801,-74.365066139
92efc19b-0e7e-4bc4-b3e4-6d142cd1573e,41.4041084466,-74.4447132905
92f07101-08e5-4c83-a91d-e52346a8498c,41.6780579137,-74.9141130803
9309a31b-2ab3-4692-90c7-a68b8b89db2b,41.1600092242,-73.1672170757
932b33c8-4343-4754-bbda-051ca4c5bfcf,41.1758206572,-74.3455095804
9335307e-1971-4641-b627-e576d0c69ce5,39.7327640001,-73.4180836989
933d42d1-6d26-4dfc-9e7d-81ea5f166fe9,40.4868050344,-73.692519366
9349ea25-ae64-421e-9eb1-bf41b879530c,41.0513093565,-73.0521589903
940a7a2a-a6d9-4adc-a8f4-a05bf26727d2,40.4496238251,-73.6075631076
940a9e93-3f39-42fd-956f-3058b5af9176,40.6045841933,-73.0216363083
942c38e8-f488-4768-b5cc-1ad2f837bdaf,39.9945762508,-73.9622958489
94b24718-c3bb-43f0-84ad-98ee10f89978,41.0822243823,-73.3119115178
94baad57-967e-4b70-b3d6-09d5fb2c50e4,40.5180102028,-73.2565852333
94d93178-0909-47a6-a9ff-1187f5ad0e52,40.8158935196,-73.6981951717
95ec8c27-3e30-4559-8a31-8ec4d9e71b4c,39.8433477018,-74.3965264303
9673a25e-5f59-4214-b56d-698fb44d133e,41.5493848992,-73.2181380925
96be9e47-b123-4cd7-85c4-b515e50f8dfd,40.2787312171,-73.3160130158
96d94bca-b0c4-4821-9922-a835bc667d65,40.7004537496,-74.0498056945
97178f34-ee4c-4bbf-98bb-797df62c99a0,39.7959921772,-73.1047249264
974701c7-6ea8-4ec2-b32d-33de188b2565,41.2963937822,-73.2814860393
9787d50f-ca71-4791-b042-92cb29485d29,40.0122318939,-73.681103247
979406f1-2063-4126-86c8-0a12fff1815c,41.65362124,-73.560181277
97b12910-e905-4ed8-ac35-fb23f459cbff,41.5827402546,-73.9965910424
97d4e31a-9425-4129-bdcf-f11d9c77c5d5,40.1744723545,-73.493214877
97ddd440-1425-488c-852f-7a4ba071a657,40.2838444665,-73.6139056622
980210a9-3c1d-4d5a-956a-18bb71e5991d,41.2064142316,-74.7152808508
980273c9-ae68-41df-ba5a-1efb3b602164,41.2656953864,-73.1801314638
98b415c7-feef-47e1-b331-a33d4af5a578,39.7540890584,-74.1656556772
98deb7ae-942c-4132-bfe4-78d332b5a2f8,40.1086868681,-73.149148647
98f261bb-1c88-444b-b72b-eefd2bfed84d,41.3646588749,-73.8914524249
98f65dca-465e-409b-9f96-e4cd088e2eaf,41.2055471837,-73.2751103467
99105506-652f-4dd7-b989-eb308bafb733,41.30714634,-73.2644441599
99487418-5238-4f12-a172-dd960e4540f9,40.8484936823,-74.2196556673
997650bd-c70f-4514-b1ac-eb916e3159e4,39.9122158079,-74.9599501134
99810dce-1ee2-4288-baaa-9e908c7a0c7c,39.8793795802,-74.416698649
99d7cf81-946f-48db-90ee-973edb0fb156,41.3306618299,-73.1803078795
9a17ccd7-b68b-4e7c-9377-7249791ce796,41.0501874988,-73.9910745068
9a26a48f-c649-4839-be14-e181ca3fda3c,40.3122087606,-73.0597031331
9a6211c9-e04c-4676-b580-e3afe681e498,39.9561628895,-73.164705377
9a9284a8-1076-4527-8349-2e1296099eb3,40.0472273141,-74.9502345914
9aa25a29-32f6-41ea-ad35-468850556716,39.8686663665,-74.538776292
9b4dfa79-e817-4ede-8ac8-e4cc42e2f44a,41.1520944021,-73.425948234
9bfc18a9-d124-4486-8950-790617fb4881,40.6413352322,-75.000538716
9c73b6d5-b662-472a-83f6-7f1bf07c1477,40.3528548579,-74.9971865681
9cdce8fc-4563-4900-a0cd-1925bbe80ae0,40.4819021245,-74.3855041089
9ce197c8-c30f-41f2-9232-4bc7c0655872,40.0331599902,-74.93671208
9d2e5c21-e578-48ea-af3a-f621ac535d93,41.5790299137,-73.0358759427
9d55da89-85be-47bb-a116-1ece3100f5f2,39.8873539597,-73.2091485326
9dcd2e5b-523b-41ac-b406-cd952d3d1913,40.4585572116,-74.5858182421
9e1c0eaf-7e5e-45cd-916a-67a3d98edd70,40.6816174625,-73.2118350137
9e784835-528f-4282-9e93-bbe7402d47f1,40.426575699,-73.5040685794
9e9acde2-7de0-4bf0-9d88-d88dd6065da8,39.7733653205,-73.4071128424
9ea96967-c35a-42de-9eaf-238b8bcd636c,40.6415837624,-73.0524644479
9eba7700-6e3a-4113-8887-4a1f265f7b0d,39.7797046035,-74.1137124164
9f05e9c0-c8b2-4d53-91f0-19fb8feb0f9c,40.9177267987,-73.7836006214
9f0dc801-2970-48d8-970a-1097cc6ebc62,39.747351174,-73.8813654157
9f1a5a90-9531-4436-b4bb-1645a151ddc5,40.317108101,-74.7555549693
9f9af58b-4945-42e1-ac91-bc259da5771a,40.1464057419,-73.0957752208
9fa70ffb-884a-4f66-9b56-0d334f17197a,40.6321364521,-73.7159541114
9fb95657-1743-421d-a5f8-799439c33a6f,41.1921925697,-73.7872396412
a047829d-2be8-4f0c-ab0d-cf228441390f,40.7999945134,-73.943684417
a076df25-f092-4169-96be-060ea450ae5d,40.0184906163,-74.9145496857
a08a6510-8999-4bb1-82e1-317c2a5632f3,40.5827733112,-73.8414242965
a0e44c44-2ff4-4378-9d3f-c5b170693d49,41.239060954,-74.6331870075
a1089c9a-b6f6-4b47-869d-5b86f8583ac5,41.460308307,-74.4552857914
a11b5281-1254-4d68-a2c1-c985d7f6ee96,40.2555833689,-74.0503919255
a1547db7-a082-4dc6-bdb5-0b9b3d85c0d2,39.9538275004,-73.1583990837
a15d0a3f-bd49-45d1-b0f2-4c5e8420ca09,41.6969798253,-73.7695784981
a212becd-d5b3-4448-8368-05e77310349b,40.4402159003,-74.7424151356
a27bb6aa-24b4-452b-afc7-1aa165f2bc7e,39.8879745108,-74.751217468
a2e54b8d-ab5b-4388-a1a8-57e2cc40f63b,40.97460813,-74.5402190883
a2fcd737-9fc5-4f35-b989-4daaa8a0e6bc,39.8036680594,-73.3133564433
a321cae0-e029-4ee7-8e4b-bc6228ad243b,41.3749958999,-74.5114685798
a34b1be5-9d1a-4acb-9c8e-9cc6db96e117,41.2568854471,-74.4949580168
a3700fb6-d743-4792-b886-7c9cb5a2905f,41.1446124267,-74.1393990049
a3e6b3f4-6a79-43ea-83cf-84bff4d18ee7,41.3463707275,-73.2784524935
a446ae02-7177-40ed-9956-ff500b05d01a,41.0735117635,-74.0034213892
a4897905-6191-4455-8ce3-4249c6ae44c7,41.2597892191,-74.256390633
a4df67bd-e1ef-44e4-94c9-d4f806fb32c5,40.1426771502,-73.4985648195
a55a5f80-b6bb-4b0f-9006-b6e36bc9144b,41.4764703944,-74.7120861748
a561f05f-bece-42d9-9e73-b43ebe9465aa,40.0700431912,-73.8790021684
a5cfbe17-5e6e-4d36-a78a-57073673bffa,41.4511725813,-74.8208695315
a61bf8ab-840b-4978-b4dd-b7d225146fb8,40.3259437386,-73.6957320334
a6f43ad2-070d-4e8f-a1f8-ea520354ee19,39.7390760275,-73.269727222
a708daff-be44-43ac-8072-7adaa2ba6045,41.5349139303,-74.2409874667
a7112c24-ce96-4532-9697-a006c184bb0c,39.8898680494,-74.1199683952
a729eed3-ffc9-4dab-bc94-426424b7541b,40.4901379616,-73.9637343656
a72f1922-8f83-4d67-9f30-e8707db4cb66,40.9581874911,-74.5750534231
a78743ef-76ba-487b-b9e6-7ebdeb38a770,40.568571676,-73.6828003671
a7cbb803-6c02-4261-accd-e92111fecb50,40.800340652,-74.326202674
a8438684-2fab-4cc8-871c-7ef6a4bbf172,41.3268374961,-73.3560137619
a8b97a29-b2d8-42d1-8ad3-8435b1b3f00b,40.9227274416,-74.0760816387
a8bbbd09-49ed-4bfb-82d3-840c157e1d5e,40.659080981,-74.2833070301
a8f34e3d-1159-4555-9047-141e34d7be95,41.6878371812,-73.2989290365
a909db91-cf1c-46d2-91dc-4c96c8cc6283,41.2719547011,-74.3765134029
a93ad915-dd18-4c56-9a41-84e5a4799e13,41.6999630132,-73.1917323642
a958aad8-00a9-4bf7-84e4-b83112966358,41.4924964973,-73.4402171538
a9b149a4-1bcf-4457-9000-c587c59e1c54,41.1076571625,-73.5655872983
a9f49430-0af1-4f79-a906-11ff7c373130,39.7730705861,-74.7390154391
aa005eb1-100f-4334-acb4-c5ecfcc52333,39.8342054892,-74.5986361137
aa59fccb-5ba0-4159-ac55-d51eecf75dfb,40.245259737,-74.6323888077
aa83901a-7bbe-496f-9d01-dc6b1243e510,40.2928339771,-73.0431935308
aa84fe6d-9fe8-46d6-9e13-3c095ed8dd6e,40.1815397634,-73.3683395617
aa9dbbcd-ca5b-4166-8238-b06cc26f5373,41.6083491194,-73.027606876
aac93d11-4922-4a4b-8d79-30461d202007,40.9073149633,-74.9623755869
aaf92e7f-3f18-45bc-94fb-838a5e9f7c55,41.2546135944,-73.8954281063
ab025785-922d-4b68-bd96-68aa7b5b0557,40.6142068937,-74.9807522433
ab18c99e-c0e3-47c6-8f57-4f2ed02aa485,40.5776739033,-73.8569363224
ab2222f1-3033-406e-b802-0b726c005ec3,40.2466212759,-73.1751175818
ab4f6275-130f-48dc-9e19-3782d3cd9cb0,40.5188798937,-73.7531724525
ab54fcdc-3ec3-454a-9673-d776fb8ed912,41.4671906949,-73.4093794795
abffd1a1-b42a-448b-8998-26e6baf18e91,41.3086634651,-73.1053009155
ac73acf0-4d3e-47d1-aebf-e07daa78900a,39.8951071899,-74.3544440324
accb572a-1d2d-4808-bb2f-3cf25eaac070,39.8940012623,-73.1939315114
ace655b3-e60c-4770-9f02-103ad4566802,41.2865801701,-73.4132522628
acf1a3b4-a836-4477-bac2-8d8519aebd68,41.5654720218,-73.154146933
ad00314a-1f05-42c9-a7ee-4e3745e0b6f5,40.0953897791,-73.3252967238
ad6df472-4572-4440-ada3-f2b18ab32049,41.4370737511,-73.7220747164
ad777e6e-4e4d-4018-8339-420563a419ec,40.4387372267,-73.5929980287
adc0f08a-5fbe-44ed-a75e-14a7b2237de5,40.8086585677,-74.609066954
add6422e-88cd-4d4c-ada0-0b131f84df82,40.2556394721,-73.9893362663
adf21850-3b5c-4461-bf89-21b1f4761e7b,40.6085928495,-74.4339278207
aef16a7e-ce20-47a5-9585-674c37dd08ab,41.5054254365,-74.8756725293
af094434-fb95-465a-8386-7dce689fcad5,40.3453946242,-74.9559876264
af2fcc4d-8fc0-4569-a4af-60f2a366c526,40.5509875835,-74.5838984229
afa95330-4740-43ca-a076-3e0c45fea505,40.3567764607,-74.6642962053
b01a6154-8d42-49f1-8361-ff54398776d7,39.9584635299,-73.3261162852
b06d4ecd-bbc6-4d8c-bd23-2cce4036264c,39.7705076435,-73.9780864609
b0b46625-9323-410d-80d9-19525c485c13,41.7091209658,-73.0773910755
b109134d-ccce-49e1-9a51-265114e2e615,40.8520629105,-74.8150017889
b11a40c9-2121-4452-8a58-0b24bb36aa57,41.3869701096,-74.0260205933
b18fb904-5683-4856-b7f2-f7485d894233,40.0584127794,-75.0023600231
b2391f41-1115-4bca-ab73-dac3dac6a6ed,41.4683321754,-73.1666902227
b2418e53-fde1-4a22-8142-e01da14f0b7e,41.6057391537,-73.733702958
b274cfef-5095-4405-96e3-952695608fbd,39.7275287791,-73.4500602774
b3411c32-32e8-4164-95fa-c882461bf758,40.7045000581,-74.6889173252
b3832a0f-bf6e-4c21-9baf-ca050e71b1fd,40.5408802806,-74.0249751757
b399a294-3e6e-40dc-8856-24d1201205d7,41.5701835701,-74.8185885886
b39f1bd8-ffb5-459f-a408-497850cf76ac,40.7312641797,-73.0428905503
b3ef5292-75a9-4ebb-9e45-04715cd24db5,41.5717537202,-74.3765658947
b3f7807e-caa2-4bb6-bab6-c64d190188dd,41.083958326,-74.0257411987
b43626c2-7222-43cb-96f0-2ca7776b89a4,40.4851708977,-73.0661649671
b43a740c-408f-4836-8672-ebabcf135ee3,41.4374437531,-74.7163517107
b4cab68f-deaa-4703-b972-b205294388be,41.0557135524,-74.4461911459
b56c831c-a3eb-4c00-92cd-36bda86b130d,41.5336382734,-73.9706273587
b5cccf13-1434-44d2-9b9c-f7822846247d,40.5520785503,-73.5732736564
b60bcf6a-ec64-44f5-9a85-1f7f4b90e1ce,40.600290108,-73.1043016677
b673a661-fab9-40b9-b685-1652e5f706f5,40.025916779,-74.4105674843
b6e284b7-584d-4f68-90f1-75633a89ef67,40.4672730213,-73.3240682064
b720aba9-315d-49c1-9ce8-3ad8e5bca7ad,40.0173395946,-73.5080670856
b7ae4f9b-5173-4763-9c49-70af7ca6ee71,40.9738689372,-74.6009439921
b7defbfb-8bf1-4a93-be99-2d9949317da6,41.3529506353,-73.5815123132
b82bd319-b06e-4a56-93b3-b3adf47195ef,41.2479957245,-73.7760797891
b86d40a8-ff9c-4aa8-8da5-96d0c89f85b9,40.3092848503,-74.5686993883
b888ade5-ced9-4e66-b30b-a7e284b58939,40.7082795443,-74.0743975793
b8b4bdb4-7176-4fff-a02a-2eb04dbfe488,39.8039407423,-73.733562549
b8e91bce-3624-46b2-904d-490586b97a83,40.98380755,-74.9163903819
b8f23031-14be-42dc-94c9-5b1cae26523f,41.207826714,-74.8111626319
b94ac58c-adfb-43f2-9a5d-17f0bde81520,40.6603859349,-73.3635143766
b9594a76-ea8e-425e-9a24-fef990171c4e,41.2060402149,-74.9532340234
b9761957-3912-4323-ae26-d22354e30398,41.6299545565,-74.1648951619
b9d57e58-eba6-4b89-9038-b57bed9ddfc0,40.0802475682,-74.3047491235
ba28fe30-bebe-4b23-a86d-00d41954f371,40.7925888425,-73.2988959243
ba64ca5c-8390-4f38-bcc1-12871d8cd90d,39.8186287929,-74.3660180243
ba7493b5-1cc8-48a6-a31c-f5acfb76a45f,40.7869973627,-73.5354756085
ba9a6039-7cec-434d-9e0a-c27c44265e2a,40.7978210207,-73.6894304407
bada7fa2-e3b2-4bff-891a-d85c98d7618b,39.9095536377,-73.2394767917
bb050f1b-f680-4d8c-bd89-abb31fc51659,41.4173010385,-73.8738351996
bb363d29-2b02-44c3-9793-e6c621c64cf8,41.2930280844,-74.7243391824
bb54f9f8-3626-4836-bc60-7bcb782a1e67,41.0746848265,-74.6881827745
bb623b47-e266-4d1f-bd04-2042d4f8caa3,40.516617061,-74.6689300245
bb7a068d-528b-4f6a-9083-422063afa2ef,41.4928583775,-74.5840254974
bb7f2ce7-95a9-4e1f-919e-a71e0931d1a3,40.2871203252,-74.9713308235
bb9c4621-0524-4661-a9f4-e6685f97dd20,41.6935274338,-73.8653192429
bbec4acc-7dd4-4ed6-af9d-bdc72d0ce6dd,41.0337956946,-74.7487019353
bc1620c0-657c-486e-be63-eb60bf8bb066,40.8121379396,-73.7636244283
bcdffbc7-3862-40d9-9dbb-ffa256095d4e,40.6413338634,-73.548095257
bd1a0a38-0f58-4bb8-936c-e2b2f28362fe,41.31037037,-74.4330167411
bd2c360f-cfa0-468e-b5d4-973b96b76f73,40.4613998504,-74.5712029328
bd7a330b-2eed-4140-8a8d-a3cee2a89422,40.2435266626,-74.4299046182
bd9f4166-f0ec-47b4-80ce-3275439fc4b1,41.0224717372,-73.5178973256
bde21a14-83b2-47ee-9f8a-44cd9740b1c8,40.9244634156,-73.5630824322
be260087-1924-4aec-8ce7-43b2e06c6436,40.052260319,-74.8213989356
be56c126-cecb-4c91-89b2-d53629535aea,39.9866087434,-73.8918896178
beaa861d-87aa-42c0-a4c4-e3649c921844,40.1113817906,-74.8476120381
bebd96bb-2d25-44af-b25f-701729a08248,41.6366628335,-73.7996161974
bed197fd-9479-4ad9-adf4-ba1814d7d772,41.5908851522,-74.356601421
bf1d1d13-978a-4a0d-a62e-0b68e98cc57c,41.248888028,-73.0627580809
bf4de4c3-45ee-4272-b65a-5de75ce54da6,40.0047770835,-74.188164348
bf633e04-660b-4fe4-857d-d8fdeaf95e69,41.6162425358,-73.3907366723
bfffe513-aff7-494c-8b42-04aa1dba3065,41.0779592263,-74.8631504378
c00f46d2-0b29-4508-9000-7b47bec3ebb7,41.322296356,-73.7618334033
c0563f95-8a65-49dd-96c8-1d776c125e8a,41.1592281915,-74.1006323066
c0702d18-57f3-4174-a52b-10e8f90020ab,41.624336079,-73.224616088
c0f67e46-a482-4604-8ef8-ced6781e0609,40.1913828327,-74.5776854422
c1bc12f9-c977-48bb-93ca-a00db8f363a7,40.219754565,-73.0906679872
c1d64b4d-d421-4f6e-b382-b7043669aa61,40.4404656717,-73.2047857226
c1f30f44-ad71-4f70-beae-f5c426ee7ce4,40.8266869114,-73.1978342838
c1ff614b-a0fa-44f4-9f59-eb73ec270e96,41.3061388098,-73.1302275591
c21c2f90-bc1a-400a-9c42-fb369fd7fc71,40.7028826155,-73.7773764002
c2b6aff6-9eb2-4dd8-bef0-d813c16e3909,41.4330562133,-74.3078608802
c389655c-6e6c-4bd0-ab1d-3229e55c3549,40.8711520337,-73.9782022247
c3d7ad25-c437-4602-9360-b7d298c27ae9,41.6742692116,-73.2916844699
c3eb2dd0-9f25-476e-b68e-1809171493e5,41.171946124,-73.2625757622
c426a0ac-2e6c-400c-b2c3-07d888486424,41.132067342,-74.5552536318
c461083b-ccff-47af-8987-55b679cbeb7f,40.3957697244,-73.8249888464
c4858789-452d-404f-ab67-e5576cb8d5f9,40.1005427601,-74.0770755734
c4f0e4d6-5048-4817-b838-e3ec08fa43ae,40.9320157323,-74.4799676283
c5026131-4120-4a9d-bee0-822936937b57,40.1788053938,-74.3136411316
c578748e-58fd-4c9d-b808-8daed9a875e5,41.3917421762,-74.0305581732
c57b23b9-c5c0-4a7a-a766-df278c94dfac,40.5542742059,-74.1736444679
c5cb9147-8384-413a-8fc4-d8b11f911220,40.5831112494,-74.3274144427
c60de25b-3fb5-426e-a435-83abd01c58c7,41.5178887154,-73.2236465473
c6984d4a-4040-4a68-b52e-ff2df0b97b55,40.5708047814,-73.5905266831
c6d73358-1919-43f1-8d6a-1bb7ae086ede,40.6867724493,-73.2270936494
c74dd414-6169-4e75-b766-36f44210d44c,40.3009523911,-73.2193087847
c7891d87-8b99-43f5-a3db-0eab1adc24a8,41.1414943542,-73.7769395506
c7a5fc55-2ba7-4c42-a009-d55b3432d62f,39.8553368702,-74.5243691207
c8925fdc-709e-47a7-bcc6-cbb316db2af4,41.1685613429,-73.8462119216
c89ddab3-7682-49c5-b72b-8c961717b07c,40.9583105947,-73.4441077525
c90c364e-b589-4bfd-ae70-79c9b2f1fc06,41.0997964004,-74.1426279047
c92be58d-6657-4812-a9da-2e90126fd46c,40.6325043947,-73.0289574044
c943939e-d752-4359-b99b-7e635f6547ac,40.9650703504,-74.005633793
c977eda5-71dc-447e-82af-1f9c97320b33,41.2805483392,-74.3520316837
c98cbc32-8b30-489d-8a88-4bf32d14220a,40.5183198418,-74.1123100686
c98d9dbd-0f84-4f61-81dd-2a370afc817c,41.11202861,-73.967949611
ca0fb504-5725-4c61-a75f-ef82c2a6aa0f,40.3193424659,-74.4241241875
cb329b4d-41de-4a30-bf4d-320ae5320c5a,39.9733386391,-73.3309611607
cb70d7fc-f1f7-438c-822f-fa5c0d69ee53,41.4491315774,-73.6452493778
cbb024d8-e44e-4cfa-91b1-f90f1a1438a4,39.8642576602,-73.7032959905
cbb7b8e1-94ac-4057-8d4d-e5a107b26bf7,40.7213269133,-73.9019323196
cc0fa3f1-65e2-4ee7-a110-9226c84ff0b8,40.1803127459,-74.6513911466
cc77aea8-8777-4146-b42b-7e764857d7e3,40.2955531234,-73.0574140675
ccab4c8a-739a-4ca5-95e2-6ef80871f4ee,41.323955703,-73.6246853182
cd3563b4-a480-448b-95e4-ed2b325a572f,41.1575628453,-73.2465477125
cdabdd16-ba20-417b-bd62-01aad49d267b,41.311644249,-74.1438376377
cdea239f-0df4-46b7-826d-8c0d2e5436cf,39.8160121838,-74.3024829276
ce327b6a-af9d-483d-adba-a0625e89df4d,40.565244891,-73.3492682638
ce74467b-1c2e-4cd2-8b3a-fee4a8b1aa74,41.0143103484,-74.4362588516
cf0f8250-47be-47ee-9ab4-0c020a98fdc2,40.8324274687,-74.5412420209
cf33906f-cc38-45bd-b4a7-7101fe3467ff,41.3561974561,-74.369503222
cf7db106-9292-48d0-9473-82d514b5b43f,40.7856876446,-73.0940670674
cf8ef9fc-08fc-4883-a200-5ab41d39ed2b,41.088499658,-73.8779021507
cfb1197f-dbb0-400d-8a23-7114d7848f71,41.1041465789,-74.4843120941
cfd353d8-b462-461b-b238-e6a71ac420e3,40.1689013415,-74.3168192644
cfe7545a-3936-4b4d-9d1e-27e6f4eee4f5,40.091530911,-73.9960633927
d005559f-5a5d-4443-afcb-ec3ded5da90b,41.3793875706,-74.8098352757
d0103e48-c520-4647-8d0c-f822675d93bd,40.0858188768,-74.9450479123
d01b309e-547e-434d-9ef2-a0fd1aed8088,40.684066173,-74.126799124
d02ed0ee-d568-44f3-b726-b47afb514039,41.6688593644,-73.0870988024
d051d4fa-a09b-440e-b5bf-93543a41551d,40.2764098027,-74.0685267979
d055e8ea-64e8-4587-8a58-86e42c7d6537,40.7580379261,-73.2117902007
d0777a06-8ee5-42a3-83eb-d8b2199335ef,40.7609924009,-73.6653396157
d0a153b0-e6a9-49e7-b123-c6ba5f664ae7,41.4272335391,-74.6916902416
d0b92779-ace8-41a0-87c2-5402c88e4f46,41.2071766291,-74.2974168317
d0d1f936-dd46-4008-b4f7-80e6d457b0b7,41.0965568931,-74.839696114
d16ce52a-3abc-4d42-8e63-e4cd4858e357,40.0151216913,-73.5539631752
d1bcf044-9746-491b-b78f-4b4fc08e06c2,40.3358001147,-74.4355315733
d1db580f-96e0-4a56-a4b6-a44c9127982b,39.9841679257,-74.6055382205
d1fb9c7e-6a3b-4883-8709-ac1387b30aba,40.1481528327,-73.6232070246
d20edb70-d0e9-47e9-85c0-7ffe9bec204d,40.2374334992,-73.5274721135
d2632318-d96e-42cf-9d8a-d3359425f969,41.3491317075,-74.6185012483
d2671cbe-946c-498b-a025-02467071e491,40.4033669156,-73.583895785
d293b145-7cca-4679-911a-2024373af91a,40.6687011964,-74.9973253335
d3216935-8a7a-44e6-8c4d-d565b483a6fe,40.8490897151,-73.3105580291
d36e9100-9339-48b5-96c6-81ca196aeb44,41.5457770583,-74.6216551329
d3dfff15-bcdd-4677-99cb-914313603b03,41.4100671813,-73.9787174461
d3e1dbbb-2c7a-4a0b-b2f7-d809a0239caa,40.4364378801,-73.5822217823
d4201212-00ac-41c0-9f56-8da3ad439ea8,40.9059619281,-73.2788206991
d44d0b5a-683e-44a4-a1fb-33f60e9824ee,40.5428031717,-73.9957620005
d511cde6-e3e3-4672-bbb5-8a1d82a718b4,39.7462117223,-74.647576062
d5a8f12e-e953-43d9-bd94-22fc61be5f56,40.5781075681,-73.8101903787
d5f83b90-3ca1-4fd9-9c65-7980c791a977,41.6608205961,-73.3300870024
d62cd9a2-b44b-4723-8e1a-3ea4de26a11c,41.1393899858,-74.7063648091
d62ed0a8-126a-4bcc-8660-e809f06c1180,40.5385262314,-74.3331630188
d65ca07b-8000-4dea-8383-fbbf8c2b5b2b,40.198646314,-74.8716180259
d67b89c5-bc48-4f3d-aa59-ba0dbc99cdec,39.9753810238,-73.8093971414
d6973502-f3df-4a6c-99b0-42e64238af35,40.6457790102,-74.2303016513
d69a8534-7698-4cd1-a116-51827f60de86,41.5475626512,-74.3721789169
d73c0a90-a096-4561-a28f-6fbc360bb2d0,41.3455763509,-73.4024596501
d73f33c1-8d85-4935-819b-3a2cccd09304,41.6891827321,-73.2556713182
d7686419-df9e-41f8-bb40-eafdc8672880,40.1020724774,-74.057359096
d78c7ec5-aeda-4abb-bbda-c96d3434cc9f,41.1009352356,-73.3526040634
d7af8397-c506-41c1-8c9f-44f9acf5594d,41.1857545075,-74.6070202527
d7cf3349-56a0-4fff-94da-3ab7f9a2b396,40.6149195902,-73.51105533
d8200403-b045-4d41-9b7b-ce7ac5543ce8,41.5514252936,-73.3699229657
d9133a00-17c9-44a6-818d-32e980a2db17,41.2844716452,-73.8744991179
d9334f45-5b48-4a05-adaa-63355c447967,41.5042354841,-74.4743526104
d9cbe454-f2c0-4f74-92cc-b369bb14893a,39.9627229463,-74.7529094083
da2fcf0a-c42d-4083-8a2e-e7e3beb9857d,41.4802869117,-74.4593182735
da4fd729-e4aa-442d-a8f8-eea16f5c94c3,41.6124834192,-74.6633676727
dacd0203-cd98-4648-bac6-829e86a27530,39.8297298053,-74.5162568475
daec8d2f-d2ac-4fab-aa8f-0fe427606bd4,40.0192039586,-74.2466427595
daefb264-7282-42c5-a381-db1f1695a0fd,41.2687616466,-74.750447964
daf82345-d4b4-49fe-8a38-29cfda6bd06a,40.311377433,-73.9191003366
db73f5a1-7bc7-486b-b651-9b3f607bedc2,41.318459013,-73.4385798069
db93b22f-2db2-4b38-a7aa-78d9ffcc96af,40.5291127891,-73.042160586
dbbc7c37-2b36-45f5-b54e-16e72dbfc78c,40.2426703928,-74.2577707691
dbfc9bbe-40e8-4811-a9a2-e22d15335320,40.7876750736,-74.4540465746
dc1fa9f2-36f8-4c69-85a7-9a95f5723859,41.0265203948,-74.9286281922
dd2a2ec8-1dd7-4882-99bf-fecf64f58d04,41.2470129862,-73.8992567434
dd3c5aee-8266-48b2-9689-84531a60e255,41.4594908937,-74.0216760491
dd76f4c7-da12-4414-9a5b-306842f2b531,40.4230240051,-74.1265929243
ddaaffd9-b877-4398-91ee-0c6f8db492dc,40.2201857719,-74.2962513935
ddb4a6bc-3e4b-4f7d-a01b-14cb0093e7c2,40.4099886561,-74.9255852224
ddfefefb-2353-48c0-bc32-bf77d9eea3a6,40.5698864484,-73.5539805022
de67650e-2cb5-4370-be10-fe1a59b4d31c,40.3676992436,-74.7151830847
df39031d-9050-41f2-a7c8-ad59e519b267,39.8521879816,-73.3286893462
df48141a-ed6a-4f7d-9b30-e3fbb1c19844,41.0135020891,-73.9408006925
dfcc265f-5c9e-4202-96bf-2f59f9d6004f,40.1126122137,-73.3086337532
e02874c4-b0e6-4c41-8fb5-5a1000d4eb18,40.9096807555,-73.4377168666
e03da6f6-f199-42cf-b7e9-042dba8ddbc1,40.1266520817,-74.4207225325
e0849f54-e461-448d-8358-31b14bb12aa0,41.4138206376,-73.9006246772
e08bc150-741b-4c07-a676-7af951afca7d,41.3298622775,-73.3900931038
e0d39197-425f-4b4b-a60c-be181606fa80,40.9451500335,-74.9667768497
e102b4df-216b-4713-8e28-bb4333a9cabe,39.7400741903,-73.7480767463
e16673f7-7903-49d5-9a31-9807c30feec2,40.5822804628,-74.2966296335
e1b36794-13e5-480a-a2d0-fa071c0909c0,40.7172796854,-73.9797551743
e274a493-f01c-4c12-8ea5-4db228cd2fb8,39.8466994838,-73.1000760914
e2962f0d-a568-4b17-9e2f-869302b5fce4,40.5801104489,-74.063560339
e2beaf5e-6598-4de6-be0c-8d39851c036f,40.1313582023,-74.9912457516
e32b643a-b733-46d0-b032-065d5fd29245,40.3677114799,-73.9333145287
e33cb59f-c501-4fcf-909c-9b3401358691,39.7760576498,-74.5735106573
e3841080-a3bc-42cf-9c70-6e9f0b4e2842,40.9001487364,-74.1480041089
e3c5ffcc-e8ab-4cfa-a1ab-85616c05ea26,39.8078763223,-74.9937779535
e4235db7-517a-4651-98e1-10fbf333ea20,40.8366350138,-74.490290579
e42a1984-a55b-4528-af11-c6fe10ee7238,40.0564283421,-74.4724132077
e4712a30-71ae-4734-bf9b-629c3d8e25c1,39.8400834967,-73.3582879904
e530db1f-c3ba-4119-b4ce-68af4d09e4b5,41.2849191556,-73.0593645696
e53e112c-d3ec-48ba-a686-b3fc96c2fd78,39.8136178099,-74.4738962889
e58b77aa-43de-4c7b-9cf7-407492a7cb04,40.4055505491,-73.044723726
e63f6439-d2c4-42a8-9e5b-287b8d312207,41.4003357376,-73.2228769378
e6970084-db31-45c3-9357-efeba22f4a01,40.4681606253,-74.4830702314
e6c0728d-a0d1-4425-b5f9-45efecf691d4,40.9744318201,-73.6234062524
e6f7c9b6-5d54-45d3-bce5-d3ef72a171fb,40.7430996648,-73.817904553
e7212e2a-d1da-4cfd-8e12-0382f128cdcc,40.8037397566,-74.51203918
e7677044-d040-49be-9d4b-d0e22257c162,40.1916114868,-73.0887641611
e7a4128d-470c-4fbb-9e90-c49160e556e2,41.2703662092,-74.8606535719
e7fe321f-e7d6-4256-940f-717eaa21b9e6,41.2461315474,-74.8341712862
e845873e-d1a2-4f11-907a-c62a301ac893,40.3144007386,-74.2663462427
e86cac67-3a4f-407f-86c5-c148fdea24f8,39.8482637157,-73.9620814494
e8a77bca-abe2-42c7-b48a-3e2c7fdfb7eb,40.9003571422,-74.0518731053
e8de9d5f-f061-4318-b5fc-6b6b5a6a83ef,40.5371613171,-73.5487877761
e8e34155-b9eb-4adc-a37b-fed6e63715d3,40.9547188326,-73.2377782543
e8e6a203-c2b3-4458-a98d-d357f716e1d7,41.0308044488,-74.1982565285
e933fead-bcc6-4c3b-a189-33d010e7e319,39.8443825302,-74.6422950444
e951f3e5-e020-4dd0-9f74-ebbf6d37de2c,40.8762002233,-73.1149789788
e9b0379f-14cb-4a4f-9a97-6d1ca69ed3dc,40.7797473545,-73.8326423076
ea2ed1e9-a040-470d-9af2-f734448c3f81,40.5398189205,-73.3769321737
eab8e592-ef9d-4ea1-958f-751ac4c8c9d0,40.5763047606,-73.7868618185
eb091229-150f-4823-a066-5edba8e29bbe,41.6862112042,-74.4882750029
eb93e5f2-96a1-45cf-8e08-17350b289a59,39.8206275929,-74.5383743392
ebafce26-e979-4412-8fa7-96549bd6728d,40.2762457144,-73.9583070667
ebe80323-c5e5-4199-bb3e-681d0b5f9bf0,40.6519996251,-74.9752231055
ec08f623-6021-45ce-9a97-00e2aefc97cc,39.8568491653,-73.1024692944
ec3e2174-eb09-4965-bc8a-24d9e39d3cff,41.5779525102,-73.46519417
ec55fd36-805c-4c11-86cb-eefc7310197b,40.1254121429,-73.3058579076
ec7a3d4f-a336-4dbb-81d7-57a4a99ecc9e,41.1890385242,-73.077846338
ecad9ea3-00c1-4073-bbe2-549bf90aaf0f,40.2364605831,-73.4988431367
ed953da0-368e-4f7e-942d-4113160d615e,40.857817778,-74.4766722288
ee1f3196-1cdd-44d0-b689-01e511f71468,41.3073770404,-74.6377709497
eec1152e-583e-431b-ae51-c2fe2bf439d3,39.9337267083,-73.1375362506
eee0ce53-fa95-49be-88b1-8945604e6e00,40.2117514939,-73.1877214569
eee1347d-2653-4605-ad32-5bc6f517dfbb,40.3033158905,-73.5803769781
eefdeda3-e671-407c-9881-d3ccf90e1fbd,40.7081636432,-74.6061591056
eeffd2e6-19f2-4779-9fe8-9359b7daa268,40.7594662154,-74.2357433798
ef132241-4ca7-42e8-90d0-2a5e0e9c721d,39.7452958748,-74.2981510023
ef4cecc4-f3b8-4dae-b1a1-07827f98dfc0,39.8765119582,-73.6825188111
ef943770-f453-46b7-a9e6-1bcdcff07f0c,40.5807595923,-74.8267920298
f02291ef-ffb9-4802-832a-add7e21d81bf,41.6180051983,-73.2467672945
f051c40e-0fc6-489b-b0f0-30de9a586975,41.5782937925,-74.5898733954
f0668451-7424-4020-8384-98664d696fec,40.2083986581,-73.6721859556
f0783996-92fd-4d2d-bfae-904709526c29,40.9790794967,-74.987253074
f082e2b5-35f2-4481-bf78-bb2f1e9e644c,40.2628578441,-74.2368859806
f0d837f8-9ce2-477b-8b69-a1b5e7fa9977,40.997932034,-74.1503059742
f0ea1d08-ae09-4409-bc76-8956f2772e9a,41.127312101,-73.3907865363
f145d38b-c788-43b9-81eb-7e5f49fc95d4,39.8796089251,-73.3110752038
f15b426a-b966-44e9-9275-9d8f2945c6f8,41.5913924193,-74.4324738133
f17f7a1e-30c8-46f6-a54a-f5a60b93c7b8,39.8317097379,-73.3184301511
f192bf6e-f852-4a96-bb55-4fef0a3c07c4,41.596525253,-73.4979124481
f1a7d8b5-02ad-45a2-a3b6-91c91bc276f8,40.3871689811,-74.4750347624
f26757f7-8e76-403b-a930-a229dbe4a08c,41.478915616,-73.2393663185
f28814c9-50e6-4ac4-a08b-071cd6c054e3,39.8550449819,-73.7902210765
f2954539-2b92-46d8-9f44-f1edad03dbd5,40.8556580244,-73.100366527
f29c8cc6-fcac-4312-9ed7-b907247b858e,40.3038912357,-74.6641907312
f2b0c869-abb5-4075-8cd1-f99d7020b5a2,41.0683672445,-74.0845517653
f2e6f6b4-b68b-4590-b925-3952d3450317,40.5041776401,-74.6745855619
f2fb1911-e03c-451f-b5ca-377eb4e431d1,40.4897832134,-73.9170699338
f30ba602-22b3-4821-a53e-dde4391e24f2,40.3933262862,-74.9070144375
f368a4dd-4e2a-426e-b562-f3c80a6c0b65,41.4673302584,-74.4463262626
f386a6bf-09b7-4005-bc3a-98371272f88b,40.6489584,-73.482227621
f3ac3e56-3d71-4b62-909b-69ffff07c245,41.2979152746,-73.9255892945
f3df2b5d-7873-4c4d-865a-14de59ff822c,39.9806337786,-74.9412359595
f42ca719-aa50-4cfd-9d35-08126ed02421,41.5585420355,-73.653775853
f472b7bb-f1fb-45ff-857d-f208fb98ddfc,41.7116105144,-74.2749844702
f491bf03-d25a-48af-8331-29e643caf671,41.0234220004,-74.4321542277
f4f08e32-30d8-43f1-a476-ebaf9a2098b3,40.1290831652,-74.3843959957
f4f721b2-8126-4f69-bf0d-5973bd0e0c04,41.5143031136,-73.4745228904
f543702d-76ba-461f-a2f8-2e5e3e5633d4,41.3999516814,-74.9241393767
f5854901-45ca-467a-a313-23c7b43c1051,40.9624710986,-73.1197774063
f5e9279c-42ce-49d4-8a54-3f9fd51e96f3,41.560059143,-73.7965814711
f5ef6e2f-5ffe-49df-acc9-1ea7e665cc5e,41.4272373344,-73.5377191922
f6102556-deb0-4f01-b155-3009ff3455b9,39.8145517714,-74.7507840853
f6281882-571b-4858-8c76-10aabe858cb7,40.2347224228,-74.7797141461
f69296f2-b986-439a-baa8-99e009352fb0,39.9449540812,-74.0088023985
f6b96eed-bc43-48c7-ae5f-937b66b7ba26,41.6386515348,-74.8741505607
f6c6bba6-4560-4975-907a-338523f8ed27,41.5216574482,-73.394768612
f7648e10-68ee-41bf-99be-7932d26e7c0a,40.1299057443,-73.4312689593
f78d16f8-3511-4df1-bee9-abec9baf28cc,41.2996253198,-74.9210075018
f8704f8e-753b-4c15-9902-ade8d85762c0,39.9192174682,-74.6830428857
f918597b-5427-42fa-99b9-9a52a0b183c9,39.9092848569,-74.1500719458
f925be98-1b50-4d52-8b70-d939dcf7425a,39.8170492879,-74.0198556474
f944a094-679f-4688-9c52-d4ea5a31245f,39.8972786692,-73.4686074074
f94afa55-bbf9-42fc-a465-892bc2922f8d,40.2017263322,-74.2488817527
f94df10a-abfe-4ecf-be62-8827d392ada2,40.739105121,-74.4827189647
f9cef0cc-280f-4e48-99f4-64831e45d0f5,40.1002823567,-74.6085908692
fa12e071-85f6-48db-aa01-07b4ed0e9620,40.0700133536,-74.0125194674
fa679dcb-7586-42d0-8a6f-bce2d8e665ea,40.1766144554,-74.3488130181
faa97cb9-d4a8-4a42-a83a-7d1f6e285302,41.2509846301,-74.9779630627
fac418ed-ec95-4c35-81ae-9d875315ccb4,39.7193931627,-73.733142204
fae112d4-dfb5-4289-98dc-54914dcd1f8c,40.7775976294,-73.8755755442
fb10df18-3236-4209-85d9-e1330880184c,40.5304622607,-73.4962638619
fb9ef30c-26b7-4153-80c6-f35e9f12fab0,41.5610647672,-74.8086055531
fbb611d6-0f32-4712-bb70-2affc84a7f42,40.0405933396,-74.5563662098
fbf6952e-1cb4-4290-b2ad-847e0ea9ad6a,39.9839172809,-74.0608426069
fc002c26-d04d-4cec-8b8d-fe7b29c18809,39.9744543522,-74.132601184
fc2cb7ec-d100-41af-87b8-6c7ef3376931,41.2575804298,-73.7644496832
fc473bdf-3223-4af6-a6b2-295ab0928de2,41.3071569552,-73.8855168313
fc4ef798-06f4-4f63-9fcf-a8691095e85e,40.7533025472,-73.1549848759
fc86dfc6-a4ed-41b9-9451-4175338b6435,40.588540427,-74.9240557939
fd431bbd-b4c5-4a9e-ab6b-a455af409729,39.7953760449,-74.5655759723
fdcf2675-9e4b-4a89-b390-7f3de07a2aeb,41.3819458195,-74.9515418663
fdf15507-291a-4bb4-b33f-41ea6efa60a7,41.2021304056,-73.6139704268
fe0fedfd-3bcf-4737-a5b9-58d96e3e6dd4,40.5783506395,-74.4071684682
fe11f258-5eda-4c1d-ae7d-52f0a4b9d242,39.917527108,-74.7704208982
fe7b8db1-e674-4fe3-8106-c2a08ffb6d54,40.90096563,-73.7988123998
fe991abb-7435-4001-bef3-3381132d23ba,41.4658594242,-74.6783511228
fea4fb2e-bf61-4998-84d4-7bb3270a5cbe,41.578975673,-74.2550402287
fee81ecd-c678-4fc8-bec0-09d142fff11f,41.6980239812,-74.0507282968
ffa71179-8d64-411b-b784-dc3e931c5274,41.0277347274,-74.1520962768
fff5b630-1ac3-45ec-867d-cad700ccee09,40.7732602669,-73.9728992085
fff88b11-8b8c-4bfe-bdea-b5cbea453632,40.1888580774,-73.9733853357
